{"scores/p_cost": 0.73724, "_timestamp": 1670322248.218634, "scores/e_cost": 0.92049, "scores/pe_avg": 0.82886, "episode": 29, "num_steps": 254010, "_runtime": 68654.4771528244, "_step": 29}