{"scores/p_cost": 0.75887, "_timestamp": 1670234954.537507, "scores/e_cost": 0.94229, "scores/pe_avg": 0.85058, "episode": 10, "num_steps": 87589, "_runtime": 19414.628838062286, "_step": 10}